\c order_db;

-- 초기 TimeData 생성
INSERT INTO p_time (p_time_id, created_at, created_by, updated_at, updated_by)
VALUES 
    ('11111111-1111-1111-1111-111111111111', CURRENT_TIMESTAMP, 'system', CURRENT_TIMESTAMP, 'system'),
    ('22222222-2222-2222-2222-222222222222', CURRENT_TIMESTAMP, 'system', CURRENT_TIMESTAMP, 'system'),
    ('33333333-3333-3333-3333-333333333333', CURRENT_TIMESTAMP, 'system', CURRENT_TIMESTAMP, 'system'),
    ('44444444-4444-4444-4444-444444444444', CURRENT_TIMESTAMP, 'system', CURRENT_TIMESTAMP, 'system'),
    ('55555555-5555-5555-5555-555555555555', CURRENT_TIMESTAMP, 'system', CURRENT_TIMESTAMP, 'system'),
    ('66666666-6666-6666-6666-666666666666', CURRENT_TIMESTAMP, 'system', CURRENT_TIMESTAMP, 'system'),
    ('77777777-7777-7777-7777-777777777777', CURRENT_TIMESTAMP, 'system', CURRENT_TIMESTAMP, 'system'),
    ('88888888-8888-8888-8888-888888888888', CURRENT_TIMESTAMP, 'system', CURRENT_TIMESTAMP, 'system'),
    ('99999999-9999-9999-9999-999999999999', CURRENT_TIMESTAMP, 'system', CURRENT_TIMESTAMP, 'system')
ON CONFLICT DO NOTHING;

-- Order Status Codes 초기 데이터
INSERT INTO order_status_codes (code, display_name, sort_order, is_active, p_time_id)
VALUES 
    ('PENDING', '결제 대기', 1, true, '11111111-1111-1111-1111-111111111111'),
    ('PAID', '결제 완료', 2, true, '22222222-2222-2222-2222-222222222222'),
    ('CONFIRMED', '주문 확인', 3, true, '33333333-3333-3333-3333-333333333333'),
    ('PREPARING', '준비 중', 4, true, '44444444-4444-4444-4444-444444444444'),
    ('READY', '준비 완료', 5, true, '55555555-5555-5555-5555-555555555555'),
    ('DELIVERING', '배달 중', 6, true, '66666666-6666-6666-6666-666666666666'),
    ('COMPLETED', '완료', 7, true, '77777777-7777-7777-7777-777777777777'),
    ('CANCELED', '취소', 8, true, '88888888-8888-8888-8888-888888888888')
ON CONFLICT (code) DO NOTHING;

-- Order Type Codes 초기 데이터
INSERT INTO order_type_codes (code, display_name, sort_order, is_active, p_time_id)
VALUES 
    ('DELIVERY', '배달', 1, true, '99999999-9999-9999-9999-999999999999'),
    ('PICKUP', '픽업', 2, true, '11111111-1111-1111-1111-111111111111')
ON CONFLICT (code) DO NOTHING;

